{
  "response": {
    "hcp_info": [{
        "id": "HCP1",
        "name": "Dr. Ravi Bhalla",
        "growthPotential": 90,
        "currentSalesVolume": 600,
        "recentActivities": [
          "Opened Consentyx efficacy email"
        ],
        "designation": [
          "Rheumatologist"
        ],
        "gender": "Male",
        "communicationPreference": "Email",
        "vendorPreference": "Medscape",
        "primaryAffiliation": "University of Pennsylvania Medical Center",
        "primaryAffiliationType": "Academic",
        "influencerScore": {
          "type": "Clinical",
          "score": 1,
          "avgScore": 7
        },
        "referralsScore": {
          "score": 56,
          "avgScore": 58
        },
        "email": "ravi.bhalla@lakeview.com",
        "phone": "4152833451",
        "influences": [{
            "id": "HCP2",
            "name": "Dr. Nehad R Soloman",
            "similarity": {
              "academiAffilication": "Stanford",
              "coAuthors": "Oncolory At Stanford",
              "origanization": ""
            },
            "sameAreaOfIntrest": true
          },
          {
            "id": "HCP4",
            "name": "Dr. Troy C Elis",
            "similarity": {
              "academiAffilication": "",
              "coAuthors": "",
              "origanization": ""
            },
            "sameAreaOfIntrest": false
          },
          {
            "id": "HCP3",
            "name": "Dr. Joy Schechtman",
            "similarity": {
              "academiAffilication": "",
              "coAuthors": "",
              "origanization": ""
            },
            "sameAreaOfIntrest": false
          }
        ],
        "influencedBy": [{
          "id": "HCP7",
          "name": "Dr. Viji Mahadevan"
        }]
      },
      {
        "id": "HCP2",
        "name": "Dr. Nehad r Soloman",
        "growthPotential": 80,
        "currentSalesVolume": 550,
        "recentActivities": [
          "Opened Consentyx efficacy email"
        ],
        "designation": [
          "Rheumatologist"
        ],
        "gender": "Male",
        "communicationPreference": "Email",
        "vendorPreference": "Doximity",
        "primaryAffiliation": "Stanford University",
        "primaryAffiliationType": "Academic",
        "influencerScore": {
          "type": "Clinical",
          "score": 3,
          "avgScore": 7
        },
        "referralsScore": {
          "score": 36,
          "avgScore": 58
        },
        "email": "nehad@stan.edu",
        "phone": "4152833451",
        "influences": [{
          "id": "HCP6",
          "name": "Dr. Rajbir Gulati",
          "similarity": {
            "academiAffilication": "Stanford",
            "coAuthors": "",
            "origanization": ""
          },
          "sameAreaOfIntrest": true
        }],
        "influencedBy": [{
            "id": "HCP3",
            "name": "Dr. Joy Schechtman"
          },
          {
            "id": "HCP1",
            "name": "Dr. Ravi Bhalla"
          },
          {
            "id": "HCP5",
            "name": "Dr. Mona S Amin"
          }
        ]
      }, {
        "id": "HCP3",
        "name": "Dr. Joy Schechtman",
        "growthPotential": 90,
        "currentSalesVolume": 650,
        "recentActivities": [
          "Opened Consentyx efficacy email"
        ],
        "designation": [
          "Rheumatologist"
        ],
        "gender": "Male",
        "communicationPreference": "Email",
        "vendorPreference": "Doximity",
        "primaryAffiliation": "Harvard University",
        "primaryAffiliationType": "Academic",
        "influencerScore": {
          "type": "Clinical",
          "score": 5,
          "avgScore": 7
        },
        "referralsScore": {
          "score": 44,
          "avgScore": 58
        },
        "email": "joy@harvard.edu",
        "phone": "4152833451",
        "influences": [{
            "id": "HCP5",
            "name": "Dr. Mona S Amin",
            "similarity": {
              "academiAffilication": "Harvard",
              "coAuthors": "",
              "origanization": ""
            },
            "sameAreaOfIntrest": true
          },
          {
            "id": "HCP2",
            "name": "Dr. Nehad R Soloman",
            "similarity": {
              "academiAffilication": "",
              "coAuthors": "",
              "origanization": ""
            },
            "sameAreaOfIntrest": true
          }
        ],
        "influencedBy": [{
          "id": "HCP1",
          "name": "Dr. Ravi Bhalla"
        }]
      }, {
        "id": "HCP4",
        "name": "Dr. Troy C Elis",
        "growthPotential": 85,
        "currentSalesVolume": 580,
        "recentActivities": [
          "Opened Consentyx efficacy email"
        ],
        "designation": [
          "Dermatologist"
        ],
        "gender": "Male",
        "communicationPreference": "Email",
        "vendorPreference": "Doximity",
        "primaryAffiliation": "Stanford University",
        "primaryAffiliationType": "Academic",
        "influencerScore": {
          "type": "Clinical",
          "score": 3,
          "avgScore": 7
        },
        "referralsScore": {
          "score": 40,
          "avgScore": 58
        },
        "email": "nehad@stan.edu",
        "phone": "4152833451",
        "influences": [{
            "id": "HCP6",
            "name": "Dr. Rajbir Gulati",
            "similarity": {
              "academiAffilication": "Stanford",
              "coAuthors": "",
              "origanization": ""
            },
            "sameAreaOfIntrest": true
          },
          {
            "id": "HCP7",
            "name": "Dr. Viji Mahadevan",
            "similarity": {
              "academiAffilication": "Stanford",
              "coAuthors": "",
              "origanization": ""
            },
            "sameAreaOfIntrest": true
          }
        ],
        "influencedBy": [{
          "id": "HCP1",
          "name": "Dr. Ravi Bhalla"
        }]
      },
      {
        "id": "HCP5",
        "name": "Dr. Mona S Amin",
        "growthPotential": 70,
        "currentSalesVolume": 500,
        "recentActivities": [
          "Opened Consentyx efficacy email"
        ],
        "designation": [
          "Rheumatologist"
        ],
        "gender": "Female",
        "communicationPreference": "Email",
        "vendorPreference": "Doximity",
        "primaryAffiliation": "Midwestern University, Arizona College of Osteopathic Medicine",
        "primaryAffiliationType": "Academic",
        "influencerScore": {
          "type": "Clinical",
          "score": 4,
          "avgScore": 7
        },
        "referralsScore": {
          "score": 42,
          "avgScore": 58
        },
        "email": "mona.amin@au.com",
        "phone": "4152833451",
        "influences": [{
          "id": "HCP2",
          "name": "Dr. Nehad R Soloman",
          "similarity": {
            "academiAffilication": "Stanford",
            "coAuthors": "",
            "origanization": ""
          },
          "sameAreaOfIntrest": true
        }],
        "influencedBy": [{
            "id": "HCP3",
            "name": "Dr. Joy Schechtman"
          },
          {
            "id": "HCP6",
            "name": "Dr. Rajbir Gulati"
          }
        ]
      },
      {
        "id": "HCP6",
        "name": "Dr. Rajbir Gulati",
        "growthPotential": 60,
        "currentSalesVolume": 450,
        "recentActivities": [
          "Opened Consentyx efficacy email"
        ],
        "designation": [
          "Rheumatologist"
        ],
        "gender": "Male",
        "communicationPreference": "Email",
        "vendorPreference": "Doximity",
        "primaryAffiliation": "Midwestern University, Arizona College of Osteopathic Medicine",
        "primaryAffiliationType": "Academic",
        "influencerScore": {
          "type": "Clinical",
          "score": 2,
          "avgScore": 7
        },
        "referralsScore": {
          "score": 32,
          "avgScore": 58
        },
        "email": "rajbir@au.com",
        "phone": "4152833451",
        "influences": [{
          "id": "HCP5",
          "name": "Dr. Mona S Amin",
          "similarity": {
            "academiAffilication": "",
            "coAuthors": "",
            "origanization": ""
          },
          "sameAreaOfIntrest": true
        }],
        "influencedBy": [{
            "id": "HCP2",
            "name": "Dr. Nehad R Soloman"
          },
          {
            "id": "HCP4",
            "name": "Dr. Troy C Elis"
          }
        ]
      },
      {
        "id": "HCP7",
        "name": "Dr. Viji Mahadevan",
        "growthPotential": 75,
        "currentSalesVolume": 520,
        "recentActivities": [
          "Opened Consentyx efficacy email"
        ],
        "designation": [
          "Rheumatologist"
        ],
        "gender": "Female",
        "communicationPreference": "Email",
        "vendorPreference": "Doximity",
        "primaryAffiliation": "Midwestern University, Arizona College of Osteopathic Medicine",
        "primaryAffiliationType": "Academic",
        "influencerScore": {
          "type": "Clinical",
          "score": 4,
          "avgScore": 7
        },
        "referralsScore": {
          "score": 40,
          "avgScore": 58
        },
        "email": "vg@au.com",
        "phone": "4152833451",
        "influences": [{
          "id": "HCP1",
          "name": "Dr. Ravi Bhalla",
          "similarity": {
            "academiAffilication": "",
            "coAuthors": "",
            "origanization": ""
          },
          "sameAreaOfIntrest": true
        }],
        "influencedBy": [{
          "id": "HCP4",
          "name": "Dr. Troy C Elis"
        }]
      }
    ],
    "association": [{
        "from": "HCP1",
        "to": "HCP2",
        "rel_score": 40,
        "similarities": {
          "Patients referred": 50,
          "Publication Co-Authored": 3,
          "Clinical Trials Co-Investigated": 12,
          "Clinical Trial Co-Investigated": "yes"
        }
      },
      {
        "from": "HCP1",
        "to": "HCP3",
        "rel_score": 60,
        "similarities": {
          "Patients referred": 40,
          "Publication Co-Authored": 4,
          "Clinical Trials Co-Investigated": 6,
          "Clinical Trial Co-Investigated": "yes"
        }
      },
      {
        "from": "HCP1",
        "to": "HCP4",
        "rel_score": 57,
        "similarities": {
          "Patients referred": 55,
          "Publication Co-Authored": 6,
          "Clinical Trials Co-Investigated": 8,
          "Clinical Trial Co-Investigated": "yes"
        }
      },
      {
        "from": "HCP2",
        "to": "HCP6",
        "rel_score": 30,
        "similarities": {
          "Patients referred": 25,
          "Publication Co-Authored": 2,
          "Clinical Trials Co-Investigated": 2,
          "Clinical Trial Co-Investigated": "yes"
        }
      },
      {
        "from": "HCP3",
        "to": "HCP2",
        "rel_score": 54,
        "similarities": {
          "Patients referred": 55,
          "Publication Co-Authored": 6,
          "Clinical Trials Co-Investigated": 8,
          "Clinical Trial Co-Investigated": "yes"
        }
      },
      {
        "from": "HCP3",
        "to": "HCP5",
        "rel_score": 56,
        "similarities": {
          "Patients referred": 50,
          "Publication Co-Authored": 3,
          "Clinical Trials Co-Investigated": 8,
          "Clinical Trial Co-Investigated": "yes"
        }
      },
      {
        "from": "HCP4",
        "to": "HCP6",
        "rel_score": 34,
        "similarities": {
          "Patients referred": 52,
          "Publication Co-Authored": 4,
          "Clinical Trials Co-Investigated": 9,
          "Clinical Trial Co-Investigated": "yes"
        }
      },
      {
        "from": "HCP4",
        "to": "HCP7",
        "rel_score": 28,
        "similarities": {
          "Patients referred": 35,
          "Publication Co-Authored": 3,
          "Clinical Trials Co-Investigated": 0,
          "Clinical Trial Co-Investigated": "no"
        }
      },
      {
        "from": "HCP5",
        "to": "HCP2",
        "rel_score": 54,
        "similarities": {
          "Patients referred": 55,
          "Publication Co-Authored": 6,
          "Clinical Trials Co-Investigated": 8,
          "Clinical Trial Co-Investigated": "yes"
        }
      },
      {
        "from": "HCP6",
        "to": "HCP5",
        "rel_score": 20,
        "similarities": {
          "Patients referred": 15,
          "Publication Co-Authored": 4,
          "Clinical Trials Co-Investigated": 3,
          "Clinical Trial Co-Investigated": "yes"
        }
      },
      {
        "from": "HCP7",
        "to": "HCP1",
        "rel_score": 58,
        "similarities": {
          "Patients referred": 46,
          "Publication Co-Authored": 4,
          "Clinical Trials Co-Investigated": 7,
          "Clinical Trial Co-Investigated": "yes"
        }
      }
    ]
  }
}